Id,DeviceId,WindowSec,WindowStartTs,FeatureVersion,SentFlag,SentAt,active_work_ratio,app_confidence_high_ratio,app_dwell_max_ms,app_dwell_mean_ms,app_dwell_std_ms,app_switch_count,app_switches_per_active_min,app_top1_share,app_unique_count,cat_browser_ratio,cat_comms_ratio,cat_database_ratio,cat_design_ratio,cat_email_ratio,cat_filemanager_ratio,cat_gaming_ratio,cat_ide_ratio,cat_media_ratio,cat_office_ratio,cat_other_ratio,cat_remoteaccess_ratio,cat_system_ratio,cat_terminal_ratio,category_entropy_active,collector_mode_hook_ratio,display_dim_ratio,display_off_ratio,display_on_ratio,display_toggle_count,has_app_data,has_display_data,has_idle_data,has_net_data,idle_api_fail_count,idle_bucket_max_sec,idle_bucket_mean_sec,idle_ge_300_ratio,idle_ge_60_ratio,local_network_change_count,local_prefix_change_count,lock_count,locked_ratio,no_foreground_end_count,presence_available_ratio,presence_away_ratio,presence_present_ratio,primary_wifi_connected_ratio,public_ip_backoff_ratio,public_ip_bucket_change_count,public_ip_fetch_fail_count,public_ip_known_ratio,screensaver_on_ratio,screensaver_toggle_count,ssid_change_count,unique_local_network_count,unique_public_bucket_count,unique_wifi_bssid_count,unique_wifi_ssid_count,unlock_count,vpn_flip_count,vpn_on_ratio,wifi_flip_count,wifi_up_ratio
1,0782ef6c-7024-4832-b5e0-85dfe51c85e2,60,2026-03-05T16:34:30.0000000+00:00,1.1,True,2026-03-05T16:37:21.8287272+00:00,0.13775,0,0,0,0,1,7.259528130671506,0,0,0,0,0,0,0,0,0,0,0,0,0,0,0,0,0,0,0,0,0.13775,1,1,1,1,1,0,0,0,0,0,1,1,0,0,0,0.13773333333333335,0,0.13773333333333335,0,0,1,0,0.12965,0,0,1,1,1,0,0,0,1,0.12965,1,0
2,0782ef6c-7024-4832-b5e0-85dfe51c85e2,60,2026-03-05T16:35:00.0000000+00:00,1.1,True,2026-03-05T16:37:21.8287272+00:00,0.6377166666666667,0,0,0,0,1,1.568094503828764,0,0,0,0,0,0,0,0,0,0,0,0,0,0,0,0,0,0,0,0,0.6377166666666667,1,1,1,1,1,0,5,0.7856358789399404,0,0,1,1,0,0,0,0.6377,0,0.6377,0,0,1,0,0.62965,0,0,1,1,1,0,0,0,1,0.62965,1,0
3,0782ef6c-7024-4832-b5e0-85dfe51c85e2,60,2026-03-05T16:35:30.0000000+00:00,1.1,True,2026-03-05T16:37:21.8287272+00:00,0.9999166666666667,1,51948,51948,0,0,0,1,1,0,0,0,0,0,0,0,0,0,0,0,0,0,0.8658,0,0,0,0,0.9999166666666667,0,1,1,1,0,0,15,3.348862405200433,0,0,0,0,0,0,0,0.9999166666666667,0,0.9999166666666667,0,0,0,0,1,0,0,0,0,0,0,0,0,0,1,0,0
4,0782ef6c-7024-4832-b5e0-85dfe51c85e2,60,2026-03-05T16:36:00.0000000+00:00,1.1,True,2026-03-05T16:37:21.8287272+00:00,0.9999,1,24000,22974,1026,0,0,0.5223295899712719,2,0,0,0,0,0,0,0,0,0,0,0,0,0.4,0.3658,0.6921513117255946,0,0,0,0.9999,0,1,1,1,0,0,20,5.687152048538187,0,0,0,0,0,0,0,0.9999,0,0.9999,0,0,0,0,1,0,0,0,0,0,0,0,0,0,1,0,0
5,0782ef6c-7024-4832-b5e0-85dfe51c85e2,60,2026-03-05T16:36:30.0000000+00:00,1.1,True,2026-03-05T16:39:21.8505840+00:00,0.99995,1,15947,15947,0,2,2.00010000500025,1,1,0,0,0,0,0,0,0,0,0,0,0,0,0.2657833333333333,0,0,0,0,0,0.99995,0,1,1,1,0,0,20,2.8390586195976466,0,0,0,0,0,0,0,0.99995,0,0.99995,0,0,0,0,1,0,0,0,0,0,0,0,0,0,1,0,0
6,0782ef6c-7024-4832-b5e0-85dfe51c85e2,60,2026-03-05T16:37:00.0000000+00:00,1.1,True,2026-03-05T16:39:21.8505840+00:00,0,1,36943,19971.5,16971.5,2,0,0.9248929724857923,2,0,0,0,0,0,0,0,0.6157166666666667,0,0,0.05,0,0,0,0,0,0,0,0,0,1,0,1,0,0,15,2.440788706101972,0,0,0,0,0,0,0,0.99995,0,0.99995,0,0,0,0,0,0,0,0,0,0,0,0,0,0,0,0,0
7,0782ef6c-7024-4832-b5e0-85dfe51c85e2,60,2026-03-05T16:37:30.0000000+00:00,1.1,True,2026-03-05T16:39:21.8505840+00:00,0,1,6943,4971.5,1971.5,2,0,0.6982801971236046,2,0,0,0,0,0,0,0,0.11571666666666666,0,0,0.05,0,0,0,0,0,0,0,0,0,1,0,1,0,0,45,18.775127512751276,0,0,0,0,0,0,0,0.9999,0,0.9999,0,0,0,0,0,0,0,0,0,0,0,0,0,0,0,0,0
8,0782ef6c-7024-4832-b5e0-85dfe51c85e2,60,2026-03-05T16:38:00.0000000+00:00,1.1,True,2026-03-05T16:39:21.8505840+00:00,0,0,0,0,0,2,0,0,0,0,0,0,0,0,0,0,0,0,0,0,0,0,0,0,0,0,0.34541666666666665,0,1,1,1,1,0,0,75,47.408030936942644,0,0.29083333333333333,0,0,0,0,0,0.9998833333333333,0,0.9998833333333333,0,0,0,0,0,0,0,0,0,0,0,0,0,0,0,0,0
9,0782ef6c-7024-4832-b5e0-85dfe51c85e2,60,2026-03-05T16:38:30.0000000+00:00,1.1,True,2026-03-06T14:27:38.6167575+00:00,0.14606666666666668,1,57956,57956,0,0,0,1,1,0,0,0,0,0,0,0,0,0,0,0,0,0.9659333333333333,0,0,0,0,0.6992833333333334,0.14606666666666668,2,1,1,1,0,0,95,61.15273703160421,0,0.63605,0,0,0,0,0,0.9998666666666667,0,0.9998666666666667,0,0,0,0,0,0,0,0,0,0,0,0,0,0,0,0,0
10,0782ef6c-7024-4832-b5e0-85dfe51c85e2,60,2026-03-06T14:25:00.0000000+00:00,1.1,True,2026-03-06T14:27:38.6167575+00:00,0.35838333333333333,1,9013,6000,3013,3,8.370924987211087,0.7510833333333333,2,0,0,0,0,0,0,0,0,0,0,0,0,0.04978333333333333,0.15021666666666667,0.5611418486551006,0,0,0,0.35838333333333333,1,1,1,1,1,0,0,0,0,0,1,1,0,0,0,0.35836666666666667,0,0.35836666666666667,0,0,1,0,0.34695,0,0,1,1,1,0,0,0,1,0.34695,1,0
11,0782ef6c-7024-4832-b5e0-85dfe51c85e2,60,2026-03-06T14:25:30.0000000+00:00,1.1,True,2026-03-06T14:27:38.6167575+00:00,0.8583833333333334,1,12004,6499.833333333333,3205.6613158944633,7,8.15486476515931,0.4613195210133593,4,0,0.29985,0,0,0,0,0,0,0,0,0.050133333333333335,0,0.04978333333333333,0.25021666666666664,1.1188075916687157,0,0,0,0.8583833333333334,1,1,1,1,1,0,0,0,0,0,1,1,0,0,0,0.8583666666666666,0,0.8583666666666666,0,0,1,0,0.84695,0,0,1,1,1,0,0,0,1,0.84695,1,0
12,0782ef6c-7024-4832-b5e0-85dfe51c85e2,60,2026-03-06T14:26:00.0000000+00:00,1.1,True,2026-03-06T14:27:38.6167575+00:00,1,1,18010,7142.6,5612.5203465110035,7,7,0.5885251869067286,3,0,0.14491666666666667,0,0,0,0,0,0,0,0,0.3503,0,0,0.1,0.9556443493003193,0,0,0,1,0,1,1,1,0,0,0,0,0,0,0,0,0,0,0,1,0,1,0,0,0,0,1,0,0,0,0,0,0,0,0,0,1,0,0
13,0782ef6c-7024-4832-b5e0-85dfe51c85e2,60,2026-03-06T14:26:30.0000000+00:00,1.1,True,2026-03-06T14:27:38.6167575+00:00,1,1,5715,5715,0,7,7,1,1,0,0,0,0,0,0,0,0,0,0,0.09525,0,0,0,0,0,0,0,1,0,1,1,1,0,0,0,0,0,0,0,0,0,0,0,1,0,1,0,0,0,0,1,0,0,0,0,0,0,0,0,0,1,0,0
14,0782ef6c-7024-4832-b5e0-85dfe51c85e2,60,2026-03-06T14:27:00.0000000+00:00,1.1,True,2026-03-06T14:29:38.6333687+00:00,0.9999666666666667,0,0,0,0,0,0,0,0,0,0,0,0,0,0,0,0,0,0,0,0,0,0,0,0,0,0,0.9999666666666667,0,1,1,1,0,0,10,0.6684389479649322,0,0,0,0,0,0,0,0.9999666666666667,0,0.9999666666666667,0,0,0,0,1,0,0,0,0,0,0,0,0,0,1,0,0
15,0782ef6c-7024-4832-b5e0-85dfe51c85e2,60,2026-03-06T14:27:30.0000000+00:00,1.1,True,2026-03-06T14:29:38.6333687+00:00,0,0,0,0,0,0,0,0,0,0,0,0,0,0,0,0,0,0,0,0,0,0,0,0,0,0,0,0,0,1,0,1,0,0,10,1.0532257499912487,0,0,0,0,0,0,0,0.9522333333333334,0,0.9522333333333334,0,0,0,0,0,0,0,0,0,0,0,0,0,0,0,0,0
16,0782ef6c-7024-4832-b5e0-85dfe51c85e2,60,2026-03-06T14:28:00.0000000+00:00,1.1,True,2026-03-06T14:29:38.6333687+00:00,0,0,0,0,0,0,0,0,0,0,0,0,0,0,0,0,0,0,0,0,0,0,0,0,0,0,0,0,0,1,0,1,0,0,5,0.33450557509291823,0,0,0,0,0,0,0,0.9999833333333333,0,0.9999833333333333,0,0,0,0,0,0,0,0,0,0,0,0,0,0,0,0,0
17,0782ef6c-7024-4832-b5e0-85dfe51c85e2,60,2026-03-06T14:28:30.0000000+00:00,1.1,True,2026-03-06T14:31:38.6417453+00:00,0,1,59717,59717,0,0,0,1,1,0.9952833333333333,0,0,0,0,0,0,0,0,0,0,0,0,0,0,0,0,0,0,0,1,0,1,0,0,0,0,0,0,0,0,0,0,0,1,0,1,0,0,0,0,0,0,0,0,0,0,0,0,0,0,0,0,0
18,0782ef6c-7024-4832-b5e0-85dfe51c85e2,60,2026-03-06T14:29:00.0000000+00:00,1.1,True,2026-03-06T14:31:38.6417453+00:00,0,1,29717,29717,0,1,0,1,1,0.49528333333333335,0,0,0,0,0,0,0,0,0,0,0,0,0,0,0,0,0,0,0,1,0,1,0,0,0,0,0,0,0,0,0,0,0,1,0,1,0,0,0,0,0,0,0,0,0,0,0,0,0,0,0,0,0
19,0782ef6c-7024-4832-b5e0-85dfe51c85e2,60,2026-03-06T14:29:30.0000000+00:00,1.1,True,2026-03-06T14:31:38.6417453+00:00,0,0,0,0,0,1,0,0,0,0,0,0,0,0,0,0,0,0,0,0,0,0,0,0,0,0,0,0,0,1,0,1,0,0,0,0,0,0,0,0,0,0,0,1,0,1,0,0,0,0,0,0,0,0,0,0,0,0,0,0,0,0,0
20,0782ef6c-7024-4832-b5e0-85dfe51c85e2,60,2026-03-06T14:30:00.0000000+00:00,1.1,True,2026-03-06T14:31:38.6417453+00:00,0,0,0,0,0,0,0,0,0,0,0,0,0,0,0,0,0,0,0,0,0,0,0,0,0,0,0,0,0,1,0,1,0,0,10,6.412045319022063,0,0,0,0,0,0,0,0.13975,0,0.13975,0,0,0,0,0,0,0,0,0,0,0,0,0,0,0,0,0
21,0782ef6c-7024-4832-b5e0-85dfe51c85e2,60,2026-03-06T14:30:30.0000000+00:00,1.1,True,2026-03-06T14:31:38.6417453+00:00,0,0,0,0,0,0,0,0,0,0,0,0,0,0,0,0,0,0,0,0,0,0,0,0,0,0,0,0,0,1,0,1,0,0,30,13.84776718253348,0,0,0,0,0,0,0,0.6397,0,0.6397,0,0,0,0,0,0,0,0,0,0,0,0,0,0,0,0,0
22,0782ef6c-7024-4832-b5e0-85dfe51c85e2,60,2026-03-06T14:31:00.0000000+00:00,1.1,True,2026-03-06T14:33:38.6526123+00:00,0,0,0,0,0,0,0,0,0,0,0,0,0,0,0,0,0,0,0,0,0,0,0,0,0,0,0,0,0,1,0,1,0,0,30,8.31149781644831,0,0,0,0,0,0,0,0.9999,0,0.9999,0,0,0,0,0,0,0,0,0,0,0,0,0,0,0,0,0
23,0782ef6c-7024-4832-b5e0-85dfe51c85e2,60,2026-03-06T14:31:30.0000000+00:00,1.1,True,2026-03-06T14:33:38.6526123+00:00,0,1,53717,53717,0,0,0,1,1,0,0,0,0,0,0,0,0,0,0,0.8952833333333333,0,0,0,0,0,0,0,0,0,1,0,1,0,0,20,4.686802013534686,0,0,0,0,0,0,0,0.9999,0,0.9999,0,0,0,0,0,0,0,0,0,0,0,0,0,0,0,0,0
24,0782ef6c-7024-4832-b5e0-85dfe51c85e2,60,2026-03-06T14:32:00.0000000+00:00,1.1,True,2026-03-06T14:33:38.6526123+00:00,0,1,23717,23717,0,1,0,1,1,0,0,0,0,0,0,0,0,0,0,0.3952833333333333,0,0,0,0,0,0,0,0,0,1,0,1,0,0,20,4.50504208684057,0,0,0,0,0,0,0,0.9999166666666667,0,0.9999166666666667,0,0,0,0,0,0,0,0,0,0,0,0,0,0,0,0,0
25,0782ef6c-7024-4832-b5e0-85dfe51c85e2,60,2026-03-06T14:32:30.0000000+00:00,1.1,True,2026-03-06T14:35:38.6661104+00:00,0,1,56704,56704,0,1,0,1,1,0.9450666666666667,0,0,0,0,0,0,0,0,0,0,0,0,0,0,0,0,0,0,0,1,0,1,0,0,5,0.16667222240741358,0,0,0,0,0,0,0,0.9999666666666667,0,0.9999666666666667,0,0,0,0,0,0,0,0,0,0,0,0,0,0,0,0,0
26,0782ef6c-7024-4832-b5e0-85dfe51c85e2,60,2026-03-06T14:33:00.0000000+00:00,1.1,True,2026-03-06T14:35:38.6661104+00:00,0,1,30012,28358,1654,1,0,0.5291628464630792,2,0.44506666666666667,0,0,0,0,0,0,0,0,0,0.5002,0,0,0,0,0,0,0,0,0,1,0,1,0,0,0,0,0,0,0,0,0,0,0,1,0,1,0,0,0,0,0,0,0,0,0,0,0,0,0,0,0,0,0
27,0782ef6c-7024-4832-b5e0-85dfe51c85e2,60,2026-03-06T14:33:30.0000000+00:00,1.1,True,2026-03-06T14:35:38.6661104+00:00,0,1,26703,26703,0,1,0,1,1,0,0,0,0,0,0,0,0,0,0,0.44505,0,0,0,0,0,0,0,0,0,1,0,1,0,0,0,0,0,0,0,0,0,0,0,1,0,1,0,0,0,0,0,0,0,0,0,0,0,0,0,0,0,0,0
28,0782ef6c-7024-4832-b5e0-85dfe51c85e2,60,2026-03-06T14:34:00.0000000+00:00,1.1,True,2026-03-06T14:35:38.6661104+00:00,0,0,0,0,0,1,0,0,0,0,0,0,0,0,0,0,0,0,0,0,0,0,0,0,0,0,0,0,0,1,0,1,0,0,0,0,0,0,0,0,0,0,0,1,0,1,0,0,0,0,0,0,0,0,0,0,0,0,0,0,0,0,0
29,0782ef6c-7024-4832-b5e0-85dfe51c85e2,60,2026-03-06T14:34:30.0000000+00:00,1.1,True,2026-03-06T14:37:38.6798134+00:00,0,1,35704,35704,0,1,0,1,1,0.5950666666666666,0,0,0,0,0,0,0,0,0,0,0,0,0,0,0,0,0,0,0,1,0,0,0,0,0,0,0,0,0,0,0,0,0,0,0,0,0,0,0,0,0,0,0,0,0,0,0,0,0,0,0,0,0
30,0782ef6c-7024-4832-b5e0-85dfe51c85e2,60,2026-03-06T14:35:00.0000000+00:00,1.1,True,2026-03-06T14:37:38.6798134+00:00,0,1,38990,15900.333333333334,16363.943744980574,1,0,0.8173832833693214,2,0.14518333333333333,0,0,0,0,0,0,0,0,0,0.6498333333333334,0,0,0,0,0,0,0,0,0,1,0,0,0,0,0,0,0,0,0,0,0,0,0,0,0,0,0,0,0,0,0,0,0,0,0,0,0,0,0,0,0,0,0
31,0782ef6c-7024-4832-b5e0-85dfe51c85e2,60,2026-03-06T14:35:30.0000000+00:00,1.1,True,2026-03-06T14:37:38.6798134+00:00,0,1,14711,8859,5852,1,0,0.8302855852805057,2,0.050116666666666664,0,0,0,0,0,0,0,0,0,0.24518333333333334,0,0,0,0,0,0,0,0,0,1,0,0,0,0,0,0,0,0,0,0,0,0,0,0,0,0,0,0,0,0,0,0,0,0,0,0,0,0,0,0,0,0,0
32,0782ef6c-7024-4832-b5e0-85dfe51c85e2,60,2026-03-06T14:36:00.0000000+00:00,1.1,True,2026-03-06T14:37:38.6798134+00:00,0,0,0,0,0,2,0,0,0,0,0,0,0,0,0,0,0,0,0,0,0,0,0,0,0,0,0,0,0,1,0,0,0,0,0,0,0,0,0,0,0,0,0,0,0,0,0,0,0,0,0,0,0,0,0,0,0,0,0,0,0,0,0
33,0782ef6c-7024-4832-b5e0-85dfe51c85e2,60,2026-03-06T14:36:30.0000000+00:00,1.1,True,2026-03-06T14:39:38.7012092+00:00,0,1,59714,59714,0,2,0,1,1,0,0,0,0,0,0,0,0,0,0,0.9952333333333333,0,0,0,0,0,0,0,0,0,1,0,0,0,0,0,0,0,0,0,0,0,0,0,0,0,0,0,0,0,0,0,0,0,0,0,0,0,0,0,0,0,0,0
34,0782ef6c-7024-4832-b5e0-85dfe51c85e2,60,2026-03-06T14:37:00.0000000+00:00,1.1,True,2026-03-06T14:39:38.7012092+00:00,0,1,29714,25356,4358,1,0,0.5859362675500868,2,0.34996666666666665,0,0,0,0,0,0,0,0,0,0.49523333333333336,0,0,0,0,0,0,0,0,0,1,0,0,0,0,0,0,0,0,0,0,0,0,0,0,0,0,0,0,0,0,0,0,0,0,0,0,0,0,0,0,0,0,0
35,0782ef6c-7024-4832-b5e0-85dfe51c85e2,60,2026-03-06T14:37:30.0000000+00:00,1.1,True,2026-03-06T14:39:38.7012092+00:00,0,1,20713,20713,0,1,0,1,1,0.34521666666666667,0,0,0,0,0,0,0,0,0,0,0,0,0,0,0,0,0,0,0,1,0,0,0,0,0,0,0,0,0,0,0,0,0,0,0,0,0,0,0,0,0,0,0,0,0,0,0,0,0,0,0,0,0
36,0782ef6c-7024-4832-b5e0-85dfe51c85e2,60,2026-03-06T14:38:00.0000000+00:00,1.1,True,2026-03-06T14:41:38.7220791+00:00,0,0,0,0,0,1,0,0,0,0,0,0,0,0,0,0,0,0,0,0,0,0,0,0,0,0,0,0,0,1,0,0,0,0,0,0,0,0,0,0,0,0,0,0,0,0,0,0,0,0,0,0,0,0,0,0,0,0,0,0,0,0,0
37,0782ef6c-7024-4832-b5e0-85dfe51c85e2,60,2026-03-06T14:38:30.0000000+00:00,1.1,True,2026-03-06T14:41:38.7220791+00:00,0,0,0,0,0,1,0,0,0,0,0,0,0,0,0,0,0,0,0,0,0,0,0,0,0,0,0,0,0,1,0,0,0,0,0,0,0,0,0,0,0,0,0,0,0,0,0,0,0,0,0,0,0,0,0,0,0,0,0,0,0,0,0
38,0782ef6c-7024-4832-b5e0-85dfe51c85e2,60,2026-03-06T14:39:00.0000000+00:00,1.1,True,2026-03-06T14:41:38.7220791+00:00,0,0,0,0,0,0,0,0,0,0,0,0,0,0,0,0,0,0,0,0,0,0,0,0,0,0,0,0,0,1,0,0,0,0,0,0,0,0,0,0,0,0,0,0,0,0,0,0,0,0,0,0,0,0,0,0,0,0,0,0,0,0,0
39,0782ef6c-7024-4832-b5e0-85dfe51c85e2,60,2026-03-06T14:39:30.0000000+00:00,1.1,True,2026-03-06T14:41:38.7220791+00:00,0,0,0,0,0,0,0,0,0,0,0,0,0,0,0,0,0,0,0,0,0,0,0,0,0,0,0,0,0,1,0,0,0,0,0,0,0,0,0,0,0,0,0,0,0,0,0,0,0,0,0,0,0,0,0,0,0,0,0,0,0,0,0
40,0782ef6c-7024-4832-b5e0-85dfe51c85e2,60,2026-03-06T14:40:00.0000000+00:00,1.1,True,2026-03-06T14:43:38.7417764+00:00,0,0,0,0,0,0,0,0,0,0,0,0,0,0,0,0,0,0,0,0,0,0,0,0,0,0,0,0,0,1,0,0,0,0,0,0,0,0,0,0,0,0,0,0,0,0,0,0,0,0,0,0,0,0,0,0,0,0,0,0,0,0,0
41,0782ef6c-7024-4832-b5e0-85dfe51c85e2,60,2026-03-06T14:40:30.0000000+00:00,1.1,True,2026-03-06T14:43:38.7417764+00:00,0,0,0,0,0,0,0,0,0,0,0,0,0,0,0,0,0,0,0,0,0,0,0,0,0,0,0,0,0,1,0,0,0,0,0,0,0,0,0,0,0,0,0,0,0,0,0,0,0,0,0,0,0,0,0,0,0,0,0,0,0,0,0
42,0782ef6c-7024-4832-b5e0-85dfe51c85e2,60,2026-03-06T14:41:00.0000000+00:00,1.1,True,2026-03-06T14:43:38.7417764+00:00,0,0,0,0,0,0,0,0,0,0,0,0,0,0,0,0,0,0,0,0,0,0,0,0,0,0,0,0,0,1,0,0,0,0,0,0,0,0,0,0,0,0,0,0,0,0,0,0,0,0,0,0,0,0,0,0,0,0,0,0,0,0,0
43,0782ef6c-7024-4832-b5e0-85dfe51c85e2,60,2026-03-06T14:41:30.0000000+00:00,1.1,True,2026-03-06T14:43:38.7417764+00:00,0,0,0,0,0,0,0,0,0,0,0,0,0,0,0,0,0,0,0,0,0,0,0,0,0,0,0,0,0,1,0,0,0,0,0,0,0,0,0,0,0,0,0,0,0,0,0,0,0,0,0,0,0,0,0,0,0,0,0,0,0,0,0
44,0782ef6c-7024-4832-b5e0-85dfe51c85e2,60,2026-03-06T14:42:00.0000000+00:00,1.1,True,2026-03-06T14:43:38.7417764+00:00,0,0,0,0,0,0,0,0,0,0,0,0,0,0,0,0,0,0,0,0,0,0,0,0,0,0,0,0,0,1,0,0,0,0,0,0,0,0,0,0,0,0,0,0,0,0,0,0,0,0,0,0,0,0,0,0,0,0,0,0,0,0,0
45,0782ef6c-7024-4832-b5e0-85dfe51c85e2,60,2026-03-06T14:42:30.0000000+00:00,1.1,True,2026-03-06T14:43:38.7417764+00:00,0,0,0,0,0,0,0,0,0,0,0,0,0,0,0,0,0,0,0,0,0,0,0,0,0,0,0,0,0,1,0,0,0,0,0,0,0,0,0,0,0,0,0,0,0,0,0,0,0,0,0,0,0,0,0,0,0,0,0,0,0,0,0
46,0782ef6c-7024-4832-b5e0-85dfe51c85e2,60,2026-03-06T14:43:00.0000000+00:00,1.1,True,2026-03-06T14:45:38.7506520+00:00,0,1,32718,17856,14862,2,0,0.9161626344086021,2,0.0499,0,0,0,0,0,0,0,0,0,0.5453,0,0,0,0,0,0,0,0,0,1,0,0,0,0,0,0,0,0,0,0,0,0,0,0,0,0,0,0,0,0,0,0,0,0,0,0,0,0,0,0,0,0,0
47,0782ef6c-7024-4832-b5e0-85dfe51c85e2,60,2026-03-06T14:43:30.0000000+00:00,1.1,True,2026-03-06T14:45:38.7506520+00:00,0,1,2994,2856,138,2,0,0.5241596638655462,2,0.0499,0,0,0,0,0,0,0,0,0,0.0453,0,0,0,0,0,0,0,0,0,1,0,0,0,0,0,0,0,0,0,0,0,0,0,0,0,0,0,0,0,0,0,0,0,0,0,0,0,0,0,0,0,0,0
48,0782ef6c-7024-4832-b5e0-85dfe51c85e2,60,2026-03-06T14:44:00.0000000+00:00,1.1,True,2026-03-06T14:47:38.7677535+00:00,0,0,0,0,0,0,0,0,0,0,0,0,0,0,0,0,0,0,0,0,0,0,0,0,0,0,0,0,0,1,0,0,0,0,0,0,0,0,0,0,0,0,0,0,0,0,0,0,0,0,0,0,0,0,0,0,0,0,0,0,0,0,0
49,0782ef6c-7024-4832-b5e0-85dfe51c85e2,60,2026-03-06T14:44:30.0000000+00:00,1.1,True,2026-03-06T14:47:38.7677535+00:00,0,0,0,0,0,0,0,0,0,0,0,0,0,0,0,0,0,0,0,0,0,0,0,0,0,0,0,0,0,1,0,0,0,0,0,0,0,0,0,0,0,0,0,0,0,0,0,0,0,0,0,0,0,0,0,0,0,0,0,0,0,0,0
50,0782ef6c-7024-4832-b5e0-85dfe51c85e2,60,2026-03-06T14:45:00.0000000+00:00,1.1,True,2026-03-06T14:47:38.7677535+00:00,0,0,0,0,0,0,0,0,0,0,0,0,0,0,0,0,0,0,0,0,0,0,0,0,0,0,0,0,0,1,0,1,0,0,15,7.104687801427561,0,0,0,0,0,0,0,0.2591833333333333,0,0.2591833333333333,0,0,0,0,0,0,0,0,0,0,0,0,0,0,0,0,0
51,0782ef6c-7024-4832-b5e0-85dfe51c85e2,60,2026-03-06T14:45:30.0000000+00:00,1.1,True,2026-03-06T14:47:38.7677535+00:00,0,0,0,0,0,0,0,0,0,0,0,0,0,0,0,0,0,0,0,0,0,0,0,0,0,0,0,0,0,1,0,1,0,0,15,2.4255230401088888,0,0,0,0,0,0,0,0.7591833333333333,0,0.7591833333333333,0,0,0,0,0,0,0,0,0,0,0,0,0,0,0,0,0
52,0782ef6c-7024-4832-b5e0-85dfe51c85e2,60,2026-03-06T14:46:00.0000000+00:00,1.1,True,2026-03-06T14:49:38.7936036+00:00,0,0,0,0,0,0,0,0,0,0,0,0,0,0,0,0,0,0,0,0,0,0,0,0,0,0,0,0,0,1,0,1,0,0,0,0,0,0,0,0,0,0,0,1,0,1,0,0,0,0,0,0,0,0,0,0,0,0,0,0,0,0,0
53,0782ef6c-7024-4832-b5e0-85dfe51c85e2,60,2026-03-06T14:46:30.0000000+00:00,1.1,True,2026-03-06T14:49:38.7936036+00:00,0,0,0,0,0,0,0,0,0,0,0,0,0,0,0,0,0,0,0,0,0,0,0,0,0,0,0,0,0,1,0,1,0,0,0,0,0,0,0,0,0,0,0,1,0,1,0,0,0,0,0,0,0,0,0,0,0,0,0,0,0,0,0
54,0782ef6c-7024-4832-b5e0-85dfe51c85e2,60,2026-03-06T14:47:00.0000000+00:00,1.1,True,2026-03-06T14:49:38.7936036+00:00,0,0,0,0,0,0,0,0,0,0,0,0,0,0,0,0,0,0,0,0,0,0,0,0,0,0,0,0,0,1,0,1,0,0,0,0,0,0,0,0,0,0,0,1,0,1,0,0,0,0,0,0,0,0,0,0,0,0,0,0,0,0,0
55,0782ef6c-7024-4832-b5e0-85dfe51c85e2,60,2026-03-06T14:47:30.0000000+00:00,1.1,True,2026-03-06T14:49:38.7936036+00:00,0,0,0,0,0,0,0,0,0,0,0,0,0,0,0,0,0,0,0,0,0,0,0,0,0,0,0,0,0,1,0,1,0,0,5,1.3411283838113106,0,0,0,0,0,0,0,0.24873333333333333,0,0.24873333333333333,0,0,0,0,0,0,0,0,0,0,0,0,0,0,0,0,0
56,0782ef6c-7024-4832-b5e0-85dfe51c85e2,60,2026-03-06T14:48:00.0000000+00:00,1.1,True,2026-03-06T14:51:38.8044004+00:00,0,0,0,0,0,0,0,0,0,0,0,0,0,0,0,0,0,0,0,0,0,0,0,0,0,0,0,0,0,1,0,1,0,0,5,0.4455302288309144,0,0,0,0,0,0,0,0.7487333333333334,0,0.7487333333333334,0,0,0,0,0,0,0,0,0,0,0,0,0,0,0,0,0
57,0782ef6c-7024-4832-b5e0-85dfe51c85e2,60,2026-03-06T14:48:30.0000000+00:00,1.1,True,2026-03-06T14:51:38.8044004+00:00,0,0,0,0,0,0,0,0,0,0,0,0,0,0,0,0,0,0,0,0,0,0,0,0,0,0,0,0,0,1,0,1,0,0,0,0,0,0,0,0,0,0,0,1,0,1,0,0,0,0,0,0,0,0,0,0,0,0,0,0,0,0,0
58,0782ef6c-7024-4832-b5e0-85dfe51c85e2,60,2026-03-06T14:49:00.0000000+00:00,1.1,True,2026-03-06T14:51:38.8044004+00:00,0,0,0,0,0,0,0,0,0,0,0,0,0,0,0,0,0,0,0,0,0,0,0,0,0,0,0,0,0,1,0,1,0,0,0,0,0,0,0,0,0,0,0,1,0,1,0,0,0,0,0,0,0,0,0,0,0,0,0,0,0,0,0
59,0782ef6c-7024-4832-b5e0-85dfe51c85e2,60,2026-03-06T14:49:30.0000000+00:00,1.1,True,2026-03-06T14:51:38.8044004+00:00,0,0,0,0,0,0,0,0,0,0,0,0,0,0,0,0,0,0,0,0,0,0,0,0,0,0,0,0,0,1,0,1,0,0,0,0,0,0,0,0,0,0,0,1,0,1,0,0,0,0,0,0,0,0,0,0,0,0,0,0,0,0,0
60,0782ef6c-7024-4832-b5e0-85dfe51c85e2,60,2026-03-06T14:50:00.0000000+00:00,1.1,True,2026-03-06T14:53:38.8222289+00:00,0,0,0,0,0,0,0,0,0,0,0,0,0,0,0,0,0,0,0,0,0,0,0,0,0,0,0,0,0,1,0,0,0,0,0,0,0,0,0,0,0,0,0,0,0,0,0,0,0,0,0,0,0,0,0,0,0,0,0,0,0,0,0
61,0782ef6c-7024-4832-b5e0-85dfe51c85e2,60,2026-03-06T14:50:30.0000000+00:00,1.1,True,2026-03-06T14:53:38.8222289+00:00,0,0,0,0,0,0,0,0,0,0,0,0,0,0,0,0,0,0,0,0,0,0,0,0,0,0,0,0,0,1,0,0,0,0,0,0,0,0,0,0,0,0,0,0,0,0,0,0,0,0,0,0,0,0,0,0,0,0,0,0,0,0,0
62,0782ef6c-7024-4832-b5e0-85dfe51c85e2,60,2026-03-06T14:51:00.0000000+00:00,1.1,True,2026-03-06T14:53:38.8222289+00:00,0,0,0,0,0,0,0,0,0,0,0,0,0,0,0,0,0,0,0,0,0,0,0,0,0,0,0,0,0,1,0,0,0,0,0,0,0,0,0,0,0,0,0,0,0,0,0,0,0,0,0,0,0,0,0,0,0,0,0,0,0,0,0
63,0782ef6c-7024-4832-b5e0-85dfe51c85e2,60,2026-03-06T14:51:30.0000000+00:00,1.1,True,2026-03-06T14:53:38.8222289+00:00,0,0,0,0,0,0,0,0,0,0,0,0,0,0,0,0,0,0,0,0,0,0,0,0,0,0,0,0,0,1,0,0,0,0,0,0,0,0,0,0,0,0,0,0,0,0,0,0,0,0,0,0,0,0,0,0,0,0,0,0,0,0,0
64,0782ef6c-7024-4832-b5e0-85dfe51c85e2,60,2026-03-06T14:52:00.0000000+00:00,1.1,True,2026-03-06T14:55:38.8365270+00:00,0,0,0,0,0,0,0,0,0,0,0,0,0,0,0,0,0,0,0,0,0,0,0,0,0,0,0,0,0,1,0,0,0,0,0,0,0,0,0,0,0,0,0,0,0,0,0,0,0,0,0,0,0,0,0,0,0,0,0,0,0,0,0
65,0782ef6c-7024-4832-b5e0-85dfe51c85e2,60,2026-03-06T14:52:30.0000000+00:00,1.1,True,2026-03-06T14:55:38.8365270+00:00,0,0,0,0,0,0,0,0,0,0,0,0,0,0,0,0,0,0,0,0,0,0,0,0,0,0,0,0,0,1,0,0,0,0,0,0,0,0,0,0,0,0,0,0,0,0,0,0,0,0,0,0,0,0,0,0,0,0,0,0,0,0,0
66,0782ef6c-7024-4832-b5e0-85dfe51c85e2,60,2026-03-06T14:53:00.0000000+00:00,1.1,True,2026-03-06T14:55:38.8365270+00:00,0,0,0,0,0,0,0,0,0,0,0,0,0,0,0,0,0,0,0,0,0,0,0,0,0,0,0,0,0,1,0,0,0,0,0,0,0,0,0,0,0,0,0,0,0,0,0,0,0,0,0,0,0,0,0,0,0,0,0,0,0,0,0
67,0782ef6c-7024-4832-b5e0-85dfe51c85e2,60,2026-03-06T14:53:30.0000000+00:00,1.1,True,2026-03-06T14:55:38.8365270+00:00,0,0,0,0,0,0,0,0,0,0,0,0,0,0,0,0,0,0,0,0,0,0,0,0,0,0,0,0,0,1,0,0,0,0,0,0,0,0,0,0,0,0,0,0,0,0,0,0,0,0,0,0,0,0,0,0,0,0,0,0,0,0,0
68,0782ef6c-7024-4832-b5e0-85dfe51c85e2,60,2026-03-06T14:54:00.0000000+00:00,1.1,True,2026-03-06T14:55:38.8365270+00:00,0,0,0,0,0,0,0,0,0,0,0,0,0,0,0,0,0,0,0,0,0,0,0,0,0,0,0,0,0,1,0,0,0,0,0,0,0,0,0,0,0,0,0,0,0,0,0,0,0,0,0,0,0,0,0,0,0,0,0,0,0,0,0
69,0782ef6c-7024-4832-b5e0-85dfe51c85e2,60,2026-03-06T14:54:30.0000000+00:00,1.1,True,2026-03-06T14:55:38.8365270+00:00,0,0,0,0,0,0,0,0,0,0,0,0,0,0,0,0,0,0,0,0,0,0,0,0,0,0,0,0,0,1,0,1,0,0,10,6.214891611687087,0,0,0,0,0,0,0,0.08841666666666667,0,0.08841666666666667,0,0,0,0,0,0,0,0,0,0,0,0,0,0,0,0,0
70,0782ef6c-7024-4832-b5e0-85dfe51c85e2,60,2026-03-06T14:55:00.0000000+00:00,1.1,True,2026-03-06T14:57:38.8453477+00:00,0,0,0,0,0,0,0,0,0,0,0,0,0,0,0,0,0,0,0,0,0,0,0,0,0,0,0,0,0,1,0,1,0,0,10,1.1392154085823538,0,0,0,0,0,0,0,0.5884166666666667,0,0.5884166666666667,0,0,0,0,0,0,0,0,0,0,0,0,0,0,0,0,0
71,0782ef6c-7024-4832-b5e0-85dfe51c85e2,60,2026-03-06T14:55:30.0000000+00:00,1.1,True,2026-03-06T14:57:38.8453477+00:00,0,0,0,0,0,0,0,0,0,0,0,0,0,0,0,0,0,0,0,0,0,0,0,0,0,0,0,0,0,1,0,1,0,0,10,0.7883727519709319,0,0,0,0,0,0,0,0.99995,0,0.99995,0,0,0,0,0,0,0,0,0,0,0,0,0,0,0,0,0
72,0782ef6c-7024-4832-b5e0-85dfe51c85e2,60,2026-03-06T14:56:00.0000000+00:00,1.1,True,2026-03-06T14:59:38.8576056+00:00,0,0,0,0,0,0,0,0,0,0,0,0,0,0,0,0,0,0,0,0,0,0,0,0,0,0,0,0,0,1,0,1,0,0,5,0.6676889229640988,0,0,0,0,0,0,0,0.9999666666666667,0,0.9999666666666667,0,0,0,0,0,0,0,0,0,0,0,0,0,0,0,0,0
73,0782ef6c-7024-4832-b5e0-85dfe51c85e2,60,2026-03-06T14:56:30.0000000+00:00,1.1,True,2026-03-06T14:59:38.8576056+00:00,0,0,0,0,0,0,0,0,0,0,0,0,0,0,0,0,0,0,0,0,0,0,0,0,0,0,0,0,0,1,0,1,0,0,0,0,0,0,0,0,0,0,0,1,0,1,0,0,0,0,0,0,0,0,0,0,0,0,0,0,0,0,0
74,0782ef6c-7024-4832-b5e0-85dfe51c85e2,60,2026-03-06T14:57:00.0000000+00:00,1.1,True,2026-03-06T14:59:38.8576056+00:00,0,0,0,0,0,0,0,0,0,0,0,0,0,0,0,0,0,0,0,0,0,0,0,0,0,0,0,0,0,1,0,1,0,0,0,0,0,0,0,0,0,0,0,1,0,1,0,0,0,0,0,0,0,0,0,0,0,0,0,0,0,0,0
75,0782ef6c-7024-4832-b5e0-85dfe51c85e2,60,2026-03-06T14:57:30.0000000+00:00,1.1,True,2026-03-06T14:59:38.8576056+00:00,0,0,0,0,0,0,0,0,0,0,0,0,0,0,0,0,0,0,0,0,0,0,0,0,0,0,0,0,0,1,0,1,0,0,0,0,0,0,0,0,0,0,0,1,0,1,0,0,0,0,0,0,0,0,0,0,0,0,0,0,0,0,0
76,0782ef6c-7024-4832-b5e0-85dfe51c85e2,60,2026-03-06T14:58:00.0000000+00:00,1.1,True,2026-03-06T14:59:38.8576056+00:00,0,0,0,0,0,0,0,0,0,0,0,0,0,0,0,0,0,0,0,0,0,0,0,0,0,0,0,0,0,1,0,0,0,0,0,0,0,0,0,0,0,0,0,0,0,0,0,0,0,0,0,0,0,0,0,0,0,0,0,0,0,0,0
77,0782ef6c-7024-4832-b5e0-85dfe51c85e2,60,2026-03-06T14:58:30.0000000+00:00,1.1,True,2026-03-06T15:01:38.8810106+00:00,0,0,0,0,0,0,0,0,0,0,0,0,0,0,0,0,0,0,0,0,0,0,0,0,0,0,0,0,0,1,0,1,0,0,5,0.4083880706621517,0,0,0,0,0,0,0,0.40851666666666664,0,0.40851666666666664,0,0,0,0,0,0,0,0,0,0,0,0,0,0,0,0,0
78,0782ef6c-7024-4832-b5e0-85dfe51c85e2,60,2026-03-06T14:59:00.0000000+00:00,1.1,True,2026-03-06T15:01:38.8810106+00:00,0,0,0,0,0,0,0,0,0,0,0,0,0,0,0,0,0,0,0,0,0,0,0,0,0,0,0,0,0,1,0,1,0,0,5,0.1836326612977197,0,0,0,0,0,0,0,0.9085166666666666,0,0.9085166666666666,0,0,0,0,0,0,0,0,0,0,0,0,0,0,0,0,0
79,0782ef6c-7024-4832-b5e0-85dfe51c85e2,60,2026-03-06T14:59:30.0000000+00:00,1.1,True,2026-03-06T15:01:38.8810106+00:00,0,0,0,0,0,0,0,0,0,0,0,0,0,0,0,0,0,0,0,0,0,0,0,0,0,0,0,0,0,1,0,1,0,0,0,0,0,0,0,0,0,0,0,1,0,1,0,0,0,0,0,0,0,0,0,0,0,0,0,0,0,0,0
80,0782ef6c-7024-4832-b5e0-85dfe51c85e2,60,2026-03-06T15:00:00.0000000+00:00,1.1,True,2026-03-06T15:01:38.8810106+00:00,0,0,0,0,0,0,0,0,0,0,0,0,0,0,0,0,0,0,0,0,0,0,0,0,0,0,0,0,0,1,0,1,0,0,0,0,0,0,0,0,0,0,0,1,0,1,0,0,0,0,0,0,0,0,0,0,0,0,0,0,0,0,0
81,0782ef6c-7024-4832-b5e0-85dfe51c85e2,60,2026-03-06T15:00:30.0000000+00:00,1.1,True,2026-03-06T15:03:38.8947619+00:00,0,0,0,0,0,0,0,0,0,0,0,0,0,0,0,0,0,0,0,0,0,0,0,0,0,0,0,0,0,1,0,1,0,0,10,0.836194539817994,0,0,0,0,0,0,0,0.9999666666666667,0,0.9999666666666667,0,0,0,0,0,0,0,0,0,0,0,0,0,0,0,0,0
82,0782ef6c-7024-4832-b5e0-85dfe51c85e2,60,2026-03-06T15:01:00.0000000+00:00,1.1,True,2026-03-06T15:03:38.8947619+00:00,0,0,0,0,0,0,0,0,0,0,0,0,0,0,0,0,0,0,0,0,0,0,0,0,0,0,0,0,0,1,0,1,0,0,10,1.1391916439600362,0,0,0,0,0,0,0,0.734,0,0.734,0,0,0,0,0,0,0,0,0,0,0,0,0,0,0,0,0
83,0782ef6c-7024-4832-b5e0-85dfe51c85e2,60,2026-03-06T15:01:30.0000000+00:00,1.1,True,2026-03-06T15:03:38.8947619+00:00,0,0,0,0,0,0,0,0,0,0,0,0,0,0,0,0,0,0,0,0,0,0,0,0,0,0,0,0,0,1,0,1,0,0,5,0.16775279587993133,0,0,0,0,0,0,0,0.9999833333333333,0,0.9999833333333333,0,0,0,0,0,0,0,0,0,0,0,0,0,0,0,0,0
84,0782ef6c-7024-4832-b5e0-85dfe51c85e2,60,2026-03-06T15:02:00.0000000+00:00,1.1,True,2026-03-06T15:05:38.9162684+00:00,0,0,0,0,0,0,0,0,0,0,0,0,0,0,0,0,0,0,0,0,0,0,0,0,0,0,0,0,0,1,0,1,0,0,5,0.16775279587993133,0,0,0,0,0,0,0,0.9999833333333333,0,0.9999833333333333,0,0,0,0,0,0,0,0,0,0,0,0,0,0,0,0,0
85,0782ef6c-7024-4832-b5e0-85dfe51c85e2,60,2026-03-06T15:02:30.0000000+00:00,1.1,True,2026-03-06T15:05:38.9162684+00:00,0,0,0,0,0,0,0,0,0,0,0,0,0,0,0,0,0,0,0,0,0,0,0,0,0,0,0,0,0,1,0,1,0,0,0,0,0,0,0,0,0,0,0,1,0,1,0,0,0,0,0,0,0,0,0,0,0,0,0,0,0,0,0
86,0782ef6c-7024-4832-b5e0-85dfe51c85e2,60,2026-03-06T15:03:00.0000000+00:00,1.1,True,2026-03-06T15:05:38.9162684+00:00,0,0,0,0,0,0,0,0,0,0,0,0,0,0,0,0,0,0,0,0,0,0,0,0,0,0,0,0,0,0,0,1,0,0,0,0,0,0,0,0,0,0,0,1,0,1,0,0,0,0,0,0,0,0,0,0,0,0,0,0,0,0,0
87,0782ef6c-7024-4832-b5e0-85dfe51c85e2,60,2026-03-06T15:03:30.0000000+00:00,1.1,True,2026-03-06T15:05:38.9162684+00:00,0,0,0,0,0,0,0,0,0,0,0,0,0,0,0,0,0,0,0,0,0,0,0,0,0,0,0,0,0,1,0,1,0,0,0,0,0,0,0,0,0,0,0,1,0,1,0,0,0,0,0,0,0,0,0,0,0,0,0,0,0,0,0
88,0782ef6c-7024-4832-b5e0-85dfe51c85e2,60,2026-03-06T15:04:00.0000000+00:00,1.1,True,2026-03-06T15:05:38.9162684+00:00,0,0,0,0,0,0,0,0,0,0,0,0,0,0,0,0,0,0,0,0,0,0,0,0,0,0,0,0,0,1,0,0,0,0,0,0,0,0,0,0,0,0,0,0,0,0,0,0,0,0,0,0,0,0,0,0,0,0,0,0,0,0,0
89,0782ef6c-7024-4832-b5e0-85dfe51c85e2,60,2026-03-06T15:04:30.0000000+00:00,1.1,True,2026-03-06T15:07:38.9335860+00:00,0,0,0,0,0,0,0,0,0,0,0,0,0,0,0,0,0,0,0,0,0,0,0,0,0,0,0,0,0,1,0,0,0,0,0,0,0,0,0,0,0,0,0,0,0,0,0,0,0,0,0,0,0,0,0,0,0,0,0,0,0,0,0
90,0782ef6c-7024-4832-b5e0-85dfe51c85e2,60,2026-03-06T15:05:00.0000000+00:00,1.1,True,2026-03-06T15:07:38.9335860+00:00,0,0,0,0,0,0,0,0,0,0,0,0,0,0,0,0,0,0,0,0,0,0,0,0,0,0,0,0,0,1,0,0,0,0,0,0,0,0,0,0,0,0,0,0,0,0,0,0,0,0,0,0,0,0,0,0,0,0,0,0,0,0,0
91,0782ef6c-7024-4832-b5e0-85dfe51c85e2,60,2026-03-06T15:05:30.0000000+00:00,1.1,True,2026-03-06T15:07:38.9335860+00:00,0,0,0,0,0,0,0,0,0,0,0,0,0,0,0,0,0,0,0,0,0,0,0,0,0,0,0,0,0,1,0,0,0,0,0,0,0,0,0,0,0,0,0,0,0,0,0,0,0,0,0,0,0,0,0,0,0,0,0,0,0,0,0
92,0782ef6c-7024-4832-b5e0-85dfe51c85e2,60,2026-03-06T15:06:00.0000000+00:00,1.1,True,2026-03-06T15:07:38.9335860+00:00,0,1,44705,44705,0,0,0,1,1,0,0,0,0,0,0,0,0,0,0,0.7450833333333333,0,0,0,0,0,0,0,0,0,1,0,1,0,0,5,5,0,0,0,0,0,0,0,0.04635,0,0.04635,0,0,0,0,0,0,0,0,0,0,0,0,0,0,0,0,0
93,0782ef6c-7024-4832-b5e0-85dfe51c85e2,60,2026-03-06T15:06:30.0000000+00:00,1.1,True,2026-03-06T15:09:38.9507554+00:00,0,1,30000,13428.5,10488.072284743273,1,0,0.6702349480582344,3,0,0.050133333333333335,0,0,0,0,0,0,0,0,0.8451,0,0,0,0,0,0,0,0,0,1,0,1,0,0,5,0.612568639414277,0,0,0,0,0,0,0,0.5463333333333333,0,0.5463333333333333,0,0,0,0,0,0,0,0,0,0,0,0,0,0,0,0,0
94,0782ef6c-7024-4832-b5e0-85dfe51c85e2,60,2026-03-06T15:07:00.0000000+00:00,1.1,True,2026-03-06T15:09:38.9507554+00:00,0,1,14706,7905,4961.835211558992,1,0,0.8731604469744887,2,0,0.050133333333333335,0,0,0,0,0,0,0,0,0.3451166666666667,0,0,0,0,0,0,0,0,0,1,0,1,0,0,5,0.10291838197303288,0,0,0,0,0,0,0,0.9999833333333333,0,0.9999833333333333,0,0,0,0,0,0,0,0,0,0,0,0,0,0,0,0,0
95,0782ef6c-7024-4832-b5e0-85dfe51c85e2,60,2026-03-06T15:07:30.0000000+00:00,1.1,True,2026-03-06T15:09:38.9507554+00:00,0,0,0,0,0,3,0,0,0,0,0,0,0,0,0,0,0,0,0,0,0,0,0,0,0,0,0,0,0,1,0,1,0,0,25,5.354517725886295,0,0,0,0,0,0,0,0.99995,0,0.99995,0,0,0,0,0,0,0,0,0,0,0,0,0,0,0,0,0
96,0782ef6c-7024-4832-b5e0-85dfe51c85e2,60,2026-03-06T15:08:00.0000000+00:00,1.1,True,2026-03-06T15:09:38.9507554+00:00,0,1,41709,14178.25,16081.928357243107,3,0,0.7354398462433657,4,0.69515,0.050133333333333335,0,0,0,0,0,0,0,0,0,0,0.05001666666666667,0.14991666666666667,0,0,0,0,0,0,1,0,1,0,0,25,5.354517725886295,0,0,0,0,0,0,0,0.99995,0,0.99995,0,0,0,0,0,0,0,0,0,0,0,0,0,0,0,0,0
97,0782ef6c-7024-4832-b5e0-85dfe51c85e2,60,2026-03-06T15:08:30.0000000+00:00,1.1,True,2026-03-06T15:09:38.9507554+00:00,0,1,30001,11342.8,9928.033166745567,4,0,0.5289875515745671,5,0.19515,0.050133333333333335,0,0,0,0,0,0,0,0.5000166666666667,0,0,0.05001666666666667,0.14991666666666667,0,0,0,0,0,0,1,0,1,0,0,0,0,0,0,0,0,0,0,0,1,0,1,0,0,0,0,0,0,0,0,0,0,0,0,0,0,0,0,0
98,0782ef6c-7024-4832-b5e0-85dfe51c85e2,60,2026-03-06T15:09:00.0000000+00:00,1.1,True,2026-03-06T15:11:38.9703532+00:00,0,1,26717,20855,5862,4,0,0.6405418364900504,2,0,0,0,0,0,0,0,0,0,0.4452833333333333,0.24988333333333335,0,0,0,0,0,0,0,0,0,1,0,1,0,0,5,0.5025251262563128,0,0,0,0,0,0,0,0.99995,0,0.99995,0,0,0,0,0,0,0,0,0,0,0,0,0,0,0,0,0
99,0782ef6c-7024-4832-b5e0-85dfe51c85e2,60,2026-03-06T15:09:30.0000000+00:00,1.1,True,2026-03-06T15:11:38.9703532+00:00,0,1,11710,11710,0,2,0,1,1,0,0,0,0,0,0,0,0,0,0,0.19516666666666665,0,0,0,0,0,0,0,0,0,1,0,1,0,0,20,4.353435343534353,0,0,0,0,0,0,0,0.9999,0,0.9999,0,0,0,0,0,0,0,0,0,0,0,0,0,0,0,0,0
100,0782ef6c-7024-4832-b5e0-85dfe51c85e2,60,2026-03-06T15:10:00.0000000+00:00,1.1,True,2026-03-06T15:11:38.9703532+00:00,0,0,0,0,0,2,0,0,0,0,0,0,0,0,0,0,0,0,0,0,0,0,0,0,0,0,0,0,0,1,0,1,0,0,20,6.184598716559713,0,0,0,0,0,0,0,0.9999166666666667,0,0.9999166666666667,0,0,0,0,0,0,0,0,0,0,0,0,0,0,0,0,0
101,0782ef6c-7024-4832-b5e0-85dfe51c85e2,60,2026-03-06T15:10:30.0000000+00:00,1.1,True,2026-03-06T15:11:38.9703532+00:00,0,1,50714,50714,0,0,0,1,1,0.8452333333333333,0,0,0,0,0,0,0,0,0,0,0,0,0,0,0,0,0,0,0,1,0,1,0,0,25,6.026686001933527,0,0,0,0,0,0,0,0.9999,0,0.9999,0,0,0,0,0,0,0,0,0,0,0,0,0,0,0,0,0
102,0782ef6c-7024-4832-b5e0-85dfe51c85e2,60,2026-03-06T15:11:00.0000000+00:00,1.1,True,2026-03-06T15:13:38.9895214+00:00,0,1,36002,28358,7644,0,0,0.6347767825657663,2,0.34523333333333334,0.6000333333333333,0,0,0,0,0,0,0,0,0,0,0,0,0,0,0,0,0,0,1,0,1,0,0,25,3.8595263096488157,0,0,0,0,0,0,0,0.99995,0,0.99995,0,0,0,0,0,0,0,0,0,0,0,0,0,0,0,0,0
103,0782ef6c-7024-4832-b5e0-85dfe51c85e2,60,2026-03-06T15:11:30.0000000+00:00,1.1,True,2026-03-06T15:13:38.9895214+00:00,0,1,26716,16358,10358,3,0,0.8166034967599951,2,0.1,0.44526666666666664,0,0,0,0,0,0,0,0,0,0,0,0,0,0,0,0,0,0,1,0,1,0,0,5,0.16683611393523226,0,0,0,0,0,0,0,0.9999833333333333,0,0.9999833333333333,0,0,0,0,0,0,0,0,0,0,0,0,0,0,0,0,0
104,0782ef6c-7024-4832-b5e0-85dfe51c85e2,60,2026-03-06T15:12:00.0000000+00:00,1.1,True,2026-03-06T15:13:38.9895214+00:00,0,1,2715,2715,0,3,0,1,1,0.04525,0,0,0,0,0,0,0,0,0,0,0,0,0,0,0,0,0,0,0,1,0,1,0,0,10,0.9614487149571652,0,0,0,0,0,0,0,0.9999666666666667,0,0.9999666666666667,0,0,0,0,0,0,0,0,0,0,0,0,0,0,0,0,0
105,0782ef6c-7024-4832-b5e0-85dfe51c85e2,60,2026-03-06T15:12:30.0000000+00:00,1.1,True,2026-03-06T15:15:39.0080659+00:00,0,0,0,0,0,0,0,0,0,0,0,0,0,0,0,0,0,0,0,0,0,0,0,0,0,0,0,0,0,1,0,1,0,0,25,5.697213147543169,0,0,0,0,0,0,0,0.9999333333333333,0,0.9999333333333333,0,0,0,0,0,0,0,0,0,0,0,0,0,0,0,0,0
106,0782ef6c-7024-4832-b5e0-85dfe51c85e2,60,2026-03-06T15:13:00.0000000+00:00,1.1,True,2026-03-06T15:15:39.0080659+00:00,0,0,0,0,0,0,0,0,0,0,0,0,0,0,0,0,0,0,0,0,0,0,0,0,0,0,0,0,0,1,0,1,0,0,25,4.735574519150639,0,0,0,0,0,0,0,0.9999666666666667,0,0.9999666666666667,0,0,0,0,0,0,0,0,0,0,0,0,0,0,0,0,0
107,0782ef6c-7024-4832-b5e0-85dfe51c85e2,60,2026-03-06T15:13:30.0000000+00:00,1.1,True,2026-03-06T15:15:39.0080659+00:00,0,0,0,0,0,0,0,0,0,0,0,0,0,0,0,0,0,0,0,0,0,0,0,0,0,0,0,0,0,1,0,1,0,0,0,0,0,0,0,0,0,0,0,1,0,1,0,0,0,0,0,0,0,0,0,0,0,0,0,0,0,0,0
108,0782ef6c-7024-4832-b5e0-85dfe51c85e2,60,2026-03-06T15:14:00.0000000+00:00,1.1,True,2026-03-06T15:15:39.0080659+00:00,0,1,47713,28353.5,19359.5,0,0,0.8413952422099564,2,0,0,0,0,0,0,0,0,0,0,0.9451166666666667,0,0,0,0,0,0,0,0,0,1,0,1,1,0,20,3.011817257529543,0,0,1,1,0,0,0,0.99995,0,0.99995,0.14648333333333333,0,0,0,0,0,0,1,1,0,1,1,0,1,0,1,0.14648333333333333
109,0782ef6c-7024-4832-b5e0-85dfe51c85e2,60,2026-03-06T15:14:30.0000000+00:00,1.1,True,2026-03-06T15:17:39.0278903+00:00,0,1,17713,13353.5,4359.5,2,0,0.6632343580334744,2,0,0,0,0,0,0,0,0,0,0,0.44511666666666666,0,0,0,0,0,0,0,0,0,1,0,1,1,0,20,6.854549697464704,0,0,1,1,0,0,0,0.9998833333333333,0,0.9998833333333333,0.6464833333333333,0.29635,1,0,0,0,0,1,1,1,1,1,0,1,0,1,0.6464833333333333
110,0782ef6c-7024-4832-b5e0-85dfe51c85e2,60,2026-03-06T15:15:00.0000000+00:00,1.1,True,2026-03-06T15:17:39.0278903+00:00,0,0,0,0,0,2,0,0,0,0,0,0,0,0,0,0,0,0,0,0,0,0,0,0,0,0,0,0,0,1,0,1,1,0,20,3.842339489299287,0,0,0,0,0,0,0,0.9999333333333333,0,0.9999333333333333,0.9999833333333333,0.79635,1,0,0,0,0,0,0,1,0,0,0,0,0,0,0.9999833333333333
111,0782ef6c-7024-4832-b5e0-85dfe51c85e2,60,2026-03-06T15:15:30.0000000+00:00,1.1,True,2026-03-06T15:17:39.0278903+00:00,0,0,0,0,0,0,0,0,0,0,0,0,0,0,0,0,0,0,0,0,0,0,0,0,0,0,0,0,0,1,0,1,0,0,0,0,0,0,0,0,0,0,0,1,0,1,1,1,0,0,0,0,0,0,0,0,0,0,0,0,0,0,1
112,0782ef6c-7024-4832-b5e0-85dfe51c85e2,60,2026-03-06T15:16:00.0000000+00:00,1.1,True,2026-03-06T15:17:39.0278903+00:00,0,0,0,0,0,0,0,0,0,0,0,0,0,0,0,0,0,0,0,0,0,0,0,0,0,0,0,0,0,1,0,1,0,0,0,0,0,0,0,0,0,0,0,1,0,1,1,1,0,0,0,0,0,0,0,0,0,0,0,0,0,0,1
113,0782ef6c-7024-4832-b5e0-85dfe51c85e2,60,2026-03-06T15:16:30.0000000+00:00,1.1,True,2026-03-06T15:19:39.0494157+00:00,0,0,0,0,0,0,0,0,0,0,0,0,0,0,0,0,0,0,0,0,0,0,0,0,0,0,0,0,0,1,0,1,0,0,0,0,0,0,0,0,0,0,0,1,0,1,0,1,0,0,0,0,0,0,0,0,0,0,0,0,0,0,0
114,0782ef6c-7024-4832-b5e0-85dfe51c85e2,60,2026-03-06T15:17:00.0000000+00:00,1.1,True,2026-03-06T15:19:39.0494157+00:00,0,0,0,0,0,0,0,0,0,0,0,0,0,0,0,0,0,0,0,0,0,0,0,0,0,0,0,0,0,1,0,1,0,0,10,6.467932934693399,0,0,0,0,0,0,0,0.14215,0,0.14215,0,0,0,0,0,0,0,0,0,0,0,0,0,0,0,0,0
115,0782ef6c-7024-4832-b5e0-85dfe51c85e2,60,2026-03-06T15:17:30.0000000+00:00,1.1,True,2026-03-06T15:19:39.0494157+00:00,0,0,0,0,0,0,0,0,0,0,0,0,0,0,0,0,0,0,0,0,0,0,0,0,0,0,0,0,0,1,0,1,0,0,30,11.439509954058193,0,0,0,0,0,0,0,0.6421166666666667,0,0.6421166666666667,0,0,0,0,0,0,0,0,0,0,0,0,0,0,0,0,0
116,0782ef6c-7024-4832-b5e0-85dfe51c85e2,60,2026-03-06T15:18:00.0000000+00:00,1.1,True,2026-03-06T15:19:39.0494157+00:00,0,0,0,0,0,0,0,0,0,0,0,0,0,0,0,0,0,0,0,0,0,0,0,0,0,0,0,0,0,1,0,1,0,0,30,6.426237978565595,0,0,0,0,0,0,0,0.99995,0,0.99995,0,0,0,0,0,0,0,0,0,0,0,0,0,0,0,0,0
117,0782ef6c-7024-4832-b5e0-85dfe51c85e2,60,2026-03-06T15:18:30.0000000+00:00,1.1,True,2026-03-06T15:21:39.0722452+00:00,0,0,0,0,0,0,0,0,0,0,0,0,0,0,0,0,0,0,0,0,0,0,0,0,0,0,0,0,0,1,0,1,0,0,0,0,0,0,0,0,0,0,0,1,0,1,0,0,0,0,0,0,0,0,0,0,0,0,0,0,0,0,0
118,0782ef6c-7024-4832-b5e0-85dfe51c85e2,60,2026-03-06T15:19:00.0000000+00:00,1.1,True,2026-03-06T15:21:39.0722452+00:00,0,0,0,0,0,0,0,0,0,0,0,0,0,0,0,0,0,0,0,0,0,0,0,0,0,0,0,0,0,1,0,1,0,0,0,0,0,0,0,0,0,0,0,1,0,1,0,0,0,0,0,0,0,0,0,0,0,0,0,0,0,0,0
119,0782ef6c-7024-4832-b5e0-85dfe51c85e2,60,2026-03-06T15:19:30.0000000+00:00,1.1,True,2026-03-06T15:21:39.0722452+00:00,0,0,0,0,0,0,0,0,0,0,0,0,0,0,0,0,0,0,0,0,0,0,0,0,0,0,0,0,0,1,0,1,0,0,0,0,0,0,0,0,0,0,0,1,0,1,0,0,0,0,0,0,0,0,0,0,0,0,0,0,0,0,0
120,0782ef6c-7024-4832-b5e0-85dfe51c85e2,60,2026-03-06T15:20:00.0000000+00:00,1.1,True,2026-03-06T15:21:39.0722452+00:00,0,0,0,0,0,0,0,0,0,0,0,0,0,0,0,0,0,0,0,0,0,0,0,0,0,0,0,0,0,1,0,0,0,0,0,0,0,0,0,0,0,0,0,0,0,0,0,0,0,0,0,0,0,0,0,0,0,0,0,0,0,0,0
121,0782ef6c-7024-4832-b5e0-85dfe51c85e2,60,2026-03-06T15:20:30.0000000+00:00,1.1,True,2026-03-06T15:23:39.0834226+00:00,0,0,0,0,0,0,0,0,0,0,0,0,0,0,0,0,0,0,0,0,0,0,0,0,0,0,0,0,0,1,0,0,0,0,0,0,0,0,0,0,0,0,0,0,0,0,0,0,0,0,0,0,0,0,0,0,0,0,0,0,0,0,0
122,0782ef6c-7024-4832-b5e0-85dfe51c85e2,60,2026-03-06T15:21:00.0000000+00:00,1.1,True,2026-03-06T15:23:39.0834226+00:00,0,0,0,0,0,0,0,0,0,0,0,0,0,0,0,0,0,0,0,0,0,0,0,0,0,0,0,0,0,1,0,0,0,0,0,0,0,0,0,0,0,0,0,0,0,0,0,0,0,0,0,0,0,0,0,0,0,0,0,0,0,0,0
123,0782ef6c-7024-4832-b5e0-85dfe51c85e2,60,2026-03-06T15:21:30.0000000+00:00,1.1,True,2026-03-06T15:23:39.0834226+00:00,0,0,0,0,0,0,0,0,0,0,0,0,0,0,0,0,0,0,0,0,0,0,0,0,0,0,0,0,0,1,0,0,0,0,0,0,0,0,0,0,0,0,0,0,0,0,0,0,0,0,0,0,0,0,0,0,0,0,0,0,0,0,0
124,0782ef6c-7024-4832-b5e0-85dfe51c85e2,60,2026-03-06T15:22:00.0000000+00:00,1.1,True,2026-03-06T15:23:39.0834226+00:00,0,0,0,0,0,0,0,0,0,0,0,0,0,0,0,0,0,0,0,0,0,0,0,0,0,0,0,0,0,1,0,0,0,0,0,0,0,0,0,0,0,0,0,0,0,0,0,0,0,0,0,0,0,0,0,0,0,0,0,0,0,0,0
125,0782ef6c-7024-4832-b5e0-85dfe51c85e2,60,2026-03-06T15:22:30.0000000+00:00,1.1,True,2026-03-06T15:25:39.1059290+00:00,0,0,0,0,0,0,0,0,0,0,0,0,0,0,0,0,0,0,0,0,0,0,0,0,0,0,0,0,0,1,0,0,0,0,0,0,0,0,0,0,0,0,0,0,0,0,0,0,0,0,0,0,0,0,0,0,0,0,0,0,0,0,0
126,0782ef6c-7024-4832-b5e0-85dfe51c85e2,60,2026-03-06T15:23:00.0000000+00:00,1.1,True,2026-03-06T15:25:39.1059290+00:00,0,0,0,0,0,0,0,0,0,0,0,0,0,0,0,0,0,0,0,0,0,0,0,0,0,0,0,0,0,1,0,0,0,0,0,0,0,0,0,0,0,0,0,0,0,0,0,0,0,0,0,0,0,0,0,0,0,0,0,0,0,0,0
127,0782ef6c-7024-4832-b5e0-85dfe51c85e2,60,2026-03-06T15:23:30.0000000+00:00,1.1,True,2026-03-06T15:25:39.1059290+00:00,0,0,0,0,0,0,0,0,0,0,0,0,0,0,0,0,0,0,0,0,0,0,0,0,0,0,0,0,0,1,0,0,0,0,0,0,0,0,0,0,0,0,0,0,0,0,0,0,0,0,0,0,0,0,0,0,0,0,0,0,0,0,0
128,0782ef6c-7024-4832-b5e0-85dfe51c85e2,60,2026-03-06T15:24:00.0000000+00:00,1.1,True,2026-03-06T15:25:39.1059290+00:00,0,0,0,0,0,0,0,0,0,0,0,0,0,0,0,0,0,0,0,0,0,0,0,0,0,0,0,0,0,1,0,0,0,0,0,0,0,0,0,0,0,0,0,0,0,0,0,0,0,0,0,0,0,0,0,0,0,0,0,0,0,0,0
129,0782ef6c-7024-4832-b5e0-85dfe51c85e2,60,2026-03-06T15:24:30.0000000+00:00,1.1,True,2026-03-06T15:27:39.1246502+00:00,0,0,0,0,0,0,0,0,0,0,0,0,0,0,0,0,0,0,0,0,0,0,0,0,0,0,0,0,0,1,0,0,0,0,0,0,0,0,0,0,0,0,0,0,0,0,0,0,0,0,0,0,0,0,0,0,0,0,0,0,0,0,0
130,0782ef6c-7024-4832-b5e0-85dfe51c85e2,60,2026-03-06T15:25:00.0000000+00:00,1.1,True,2026-03-06T15:27:39.1246502+00:00,0,0,0,0,0,0,0,0,0,0,0,0,0,0,0,0,0,0,0,0,0,0,0,0,0,0,0,0,0,1,0,0,0,0,0,0,0,0,0,0,0,0,0,0,0,0,0,0,0,0,0,0,0,0,0,0,0,0,0,0,0,0,0
131,0782ef6c-7024-4832-b5e0-85dfe51c85e2,60,2026-03-06T15:25:30.0000000+00:00,1.1,True,2026-03-06T15:27:39.1246502+00:00,0,0,0,0,0,0,0,0,0,0,0,0,0,0,0,0,0,0,0,0,0,0,0,0,0,0,0,0,0,1,0,0,0,0,0,0,0,0,0,0,0,0,0,0,0,0,0,0,0,0,0,0,0,0,0,0,0,0,0,0,0,0,0
132,0782ef6c-7024-4832-b5e0-85dfe51c85e2,60,2026-03-06T15:26:00.0000000+00:00,1.1,True,2026-03-06T15:27:39.1246502+00:00,0,0,0,0,0,0,0,0,0,0,0,0,0,0,0,0,0,0,0,0,0,0,0,0,0,0,0,0,0,1,0,0,0,0,0,0,0,0,0,0,0,0,0,0,0,0,0,0,0,0,0,0,0,0,0,0,0,0,0,0,0,0,0
133,0782ef6c-7024-4832-b5e0-85dfe51c85e2,60,2026-03-06T15:26:30.0000000+00:00,1.1,True,2026-03-06T15:29:39.1457168+00:00,0,0,0,0,0,0,0,0,0,0,0,0,0,0,0,0,0,0,0,0,0,0,0,0,0,0,0,0,0,1,0,0,0,0,0,0,0,0,0,0,0,0,0,0,0,0,0,0,0,0,0,0,0,0,0,0,0,0,0,0,0,0,0
134,0782ef6c-7024-4832-b5e0-85dfe51c85e2,60,2026-03-06T15:27:00.0000000+00:00,1.1,True,2026-03-06T15:29:39.1457168+00:00,0,0,0,0,0,0,0,0,0,0,0,0,0,0,0,0,0,0,0,0,0,0,0,0,0,0,0,0,0,1,0,0,0,0,0,0,0,0,0,0,0,0,0,0,0,0,0,0,0,0,0,0,0,0,0,0,0,0,0,0,0,0,0
135,0782ef6c-7024-4832-b5e0-85dfe51c85e2,60,2026-03-06T15:27:30.0000000+00:00,1.1,True,2026-03-06T15:29:39.1457168+00:00,0,0,0,0,0,0,0,0,0,0,0,0,0,0,0,0,0,0,0,0,0,0,0,0,0,0,0,0,0,1,0,0,0,0,0,0,0,0,0,0,0,0,0,0,0,0,0,0,0,0,0,0,0,0,0,0,0,0,0,0,0,0,0
136,0782ef6c-7024-4832-b5e0-85dfe51c85e2,60,2026-03-06T15:28:00.0000000+00:00,1.1,True,2026-03-06T15:29:39.1457168+00:00,0,0,0,0,0,0,0,0,0,0,0,0,0,0,0,0,0,0,0,0,0,0,0,0,0,0,0,0,0,1,0,0,0,0,0,0,0,0,0,0,0,0,0,0,0,0,0,0,0,0,0,0,0,0,0,0,0,0,0,0,0,0,0
137,0782ef6c-7024-4832-b5e0-85dfe51c85e2,60,2026-03-06T15:28:30.0000000+00:00,1.1,True,2026-03-06T15:29:39.1457168+00:00,0,0,0,0,0,0,0,0,0,0,0,0,0,0,0,0,0,0,0,0,0,0,0,0,0,0,0,0,0,1,0,1,0,0,5,5,0,0,0,0,0,0,0,0.00205,0,0.00205,0,0,0,0,0,0,0,0,0,0,0,0,0,0,0,0,0
138,0782ef6c-7024-4832-b5e0-85dfe51c85e2,60,2026-03-06T15:29:00.0000000+00:00,1.1,True,2026-03-06T15:31:39.1666691+00:00,0,0,0,0,0,0,0,0,0,0,0,0,0,0,0,0,0,0,0,0,0,0,0,0,0,0,0,0,0,1,0,1,0,0,5,0.33313414998506125,0,0,0,0,0,0,0,0.50205,0,0.50205,0,0,0,0,0,0,0,0,0,0,0,0,0,0,0,0,0
139,0782ef6c-7024-4832-b5e0-85dfe51c85e2,60,2026-03-06T15:29:30.0000000+00:00,1.1,True,2026-03-06T15:31:39.1666691+00:00,0,0,0,0,0,0,0,0,0,0,0,0,0,0,0,0,0,0,0,0,0,0,0,0,0,0,0,0,0,1,0,1,0,0,5,0.15691928198803312,0,0,0,0,0,0,0,0.9999833333333333,0,0.9999833333333333,0,0,0,0,0,0,0,0,0,0,0,0,0,0,0,0,0
140,0782ef6c-7024-4832-b5e0-85dfe51c85e2,60,2026-03-06T15:30:00.0000000+00:00,1.1,True,2026-03-06T15:31:39.1666691+00:00,0,0,0,0,0,0,0,0,0,0,0,0,0,0,0,0,0,0,0,0,0,0,0,0,0,0,0,0,0,1,0,1,0,0,0,0,0,0,0,0,0,0,0,1,0,1,0,0,0,0,0,0,0,0,0,0,0,0,0,0,0,0,0
141,0782ef6c-7024-4832-b5e0-85dfe51c85e2,60,2026-03-06T15:30:30.0000000+00:00,1.1,False,,0,1,44716,23854.5,20861.5,2,0,0.9372655054601857,2,0.049883333333333335,0,0,0,0,0,0,0,0,0,0.7452666666666666,0,0,0,0,0,0,0,0,0,1,0,1,0,0,0,0,0,0,0,0,0,0,0,1,0,1,0,0,0,0,0,0,0,0,0,0,0,0,0,0,0,0,0
142,0782ef6c-7024-4832-b5e0-85dfe51c85e2,60,2026-03-06T15:31:00.0000000+00:00,1.1,False,,0,1,26999,14902.666666666666,9801.297272413598,2,0,0.6038963943813188,3,0.049883333333333335,0,0,0,0,0,0,0,0,0,0.69525,0,0,0,0,0,0,0,0,0,1,0,1,0,0,10,0.667355578519284,0,0,0,0,0,0,0,0.9999666666666667,0,0.9999666666666667,0,0,0,0,0,0,0,0,0,0,0,0,0,0,0,0,0
143,0782ef6c-7024-4832-b5e0-85dfe51c85e2,60,2026-03-06T15:31:30.0000000+00:00,1.1,False,,0,1,14709,14709,0,1,0,1,1,0,0,0,0,0,0,0,0,0,0,0.24515,0,0,0,0,0,0,0,0,0,1,0,1,0,0,10,1.0632252582384025,0,0,0,0,0,0,0,0.62765,0,0.62765,0,0,0,0,0,0,0,0,0,0,0,0,0,0,0,0,0
144,0782ef6c-7024-4832-b5e0-85dfe51c85e2,60,2026-03-06T15:32:00.0000000+00:00,1.1,False,,0,0,0,0,0,1,0,0,0,0,0,0,0,0,0,0,0,0,0,0,0,0,0,0,0,0,0,0,0,1,0,1,0,0,0,0,0,0,0,0,0,0,0,1,0,1,0,0,0,0,0,0,0,0,0,0,0,0,0,0,0,0,0
